1,2,3,4,5,6,7,8,9,10,11,12,13,14,15,16,17,18,19,20,21,22,23,24,25,26,27,28,29,30,31,32,33,34,35,36,37,38,39,40,41,42,43,44,45,46,47,48,49,50,51,52,53,54,55,56,57,58,59,60,61
NaN,NaN,NaN,NaN,NaN,NaN,NaN,NaN,NaN,NaN,NaN,NaN,NaN,NaN,NaN,NaN,NaN,NaN,NaN,NaN,NaN,NaN,NaN,NaN,NaN,NaN,NaN,NaN,NaN,NaN,NaN,NaN,8.52E-05,-3.63E-06,-6.74E-05,-9.96E-05,-9.96E-05,-6.67E-05,-4.72E-05,-3.36E-05,-2.01E-05,-5.72E-06,-7.21E-06,-1.91E-05,NaN,NaN,NaN,NaN,NaN,NaN,NaN,NaN,NaN,NaN,NaN,NaN,NaN,5.00E-05,8.52E-06,2.17E-05,6.06E-05
NaN,NaN,NaN,NaN,NaN,NaN,NaN,NaN,NaN,NaN,NaN,NaN,NaN,NaN,NaN,NaN,NaN,NaN,NaN,NaN,NaN,NaN,NaN,NaN,NaN,NaN,NaN,NaN,NaN,NaN,NaN,NaN,-9.47E-05,-0.000116677,-0.000132332,-0.00012252,-9.82E-05,-9.18E-05,-9.16E-05,-7.89E-05,-5.81E-05,-2.61E-05,-2.98E-06,-3.68E-06,NaN,NaN,NaN,-2.77E-05,-2.29E-05,-3.96E-05,NaN,NaN,NaN,NaN,NaN,NaN,NaN,0.000178399,7.16E-05,-1.80E-05,-5.80E-05
NaN,NaN,NaN,NaN,NaN,NaN,NaN,NaN,NaN,NaN,NaN,NaN,NaN,NaN,NaN,NaN,-5.44E-05,-4.71E-05,-3.88E-05,-2.80E-05,-2.53E-05,-3.39E-05,-4.84E-05,-6.60E-05,-7.34E-05,-7.91E-05,NaN,NaN,NaN,NaN,NaN,NaN,NaN,NaN,-2.78E-05,-3.17E-06,-1.37E-05,-5.97E-05,-9.24E-05,-8.97E-05,-7.15E-05,-2.33E-05,2.62E-05,3.74E-05,1.65E-05,1.08E-06,-1.50E-05,-2.88E-05,-2.84E-05,-4.77E-05,NaN,NaN,NaN,NaN,NaN,NaN,NaN,NaN,0.000169548,-3.62E-05,-0.000127078
NaN,NaN,NaN,NaN,NaN,NaN,NaN,NaN,NaN,NaN,NaN,NaN,NaN,NaN,NaN,-3.14E-05,-4.67E-05,-5.30E-05,-5.53E-05,-5.70E-05,-6.25E-05,-6.93E-05,-8.16E-05,-0.000101102,-0.000115715,-0.000116045,-9.99E-05,NaN,NaN,-3.96E-05,-5.62E-05,-3.99E-05,NaN,NaN,2.44E-05,2.65E-05,1.53E-06,-5.40E-05,-9.70E-05,-8.37E-05,-2.98E-05,5.01E-05,0.000116754,0.000138821,0.000114159,7.61E-05,4.21E-05,2.04E-05,3.83E-06,-1.38E-06,-4.19E-06,-8.60E-06,NaN,NaN,NaN,NaN,NaN,NaN,NaN,3.79E-05,-0.000132732
NaN,NaN,NaN,NaN,NaN,NaN,NaN,NaN,NaN,NaN,NaN,NaN,NaN,NaN,-1.16E-05,-1.84E-05,-2.89E-05,-4.33E-05,-5.63E-05,-6.19E-05,-5.90E-05,-5.13E-05,-4.77E-05,-5.01E-05,-5.88E-05,-6.62E-05,-6.38E-05,-3.41E-05,-6.48E-06,6.18E-06,-2.98E-06,-1.88E-05,-3.12E-05,-3.60E-05,-4.22E-05,-4.96E-05,-4.67E-05,-6.08E-05,-9.91E-05,-0.000100844,-2.17E-05,0.000114867,0.000241976,0.000319568,0.000291429,0.000181989,0.000101549,7.30E-05,5.03E-05,5.07E-05,4.67E-05,2.61E-05,NaN,NaN,NaN,NaN,NaN,NaN,NaN,7.86E-05,-0.000117262
NaN,NaN,NaN,NaN,NaN,NaN,NaN,NaN,NaN,NaN,NaN,-1.24E-05,4.97E-07,2.32E-05,3.39E-05,3.32E-05,9.70E-06,-3.17E-05,-6.43E-05,-6.77E-05,-3.86E-05,-1.27E-06,2.80E-05,4.24E-05,3.50E-05,1.63E-05,2.00E-07,-5.41E-07,5.78E-06,9.58E-06,-1.55E-05,-7.24E-05,-0.000116,-0.000122273,-0.000108291,-8.02E-05,-3.70E-05,3.07E-06,-1.23E-06,-4.23E-05,-4.26E-05,4.20E-05,0.000186807,0.000329697,0.00034904,0.000241958,0.000150559,0.000110313,7.72E-05,7.28E-05,8.52E-05,7.20E-05,NaN,NaN,NaN,NaN,NaN,NaN,NaN,6.81E-05,-6.29E-05
NaN,NaN,NaN,NaN,NaN,NaN,NaN,NaN,NaN,2.92E-05,2.12E-05,3.54E-05,5.86E-05,8.24E-05,0.000102446,0.000112936,9.01E-05,3.01E-05,-3.56E-05,-6.80E-05,-4.59E-05,5.89E-06,5.44E-05,7.46E-05,6.66E-05,4.46E-05,1.36E-05,-2.16E-05,-5.68E-05,-9.04E-05,-0.000123856,-0.00016304,-0.000200392,-0.000197473,-0.000143947,-6.33E-05,1.70E-05,9.08E-05,0.000128987,8.42E-05,-2.79E-05,-0.000110698,-7.57E-05,4.61E-05,0.000147955,0.000158952,0.000117344,7.95E-05,6.85E-05,8.19E-05,9.41E-05,8.60E-05,NaN,NaN,NaN,NaN,NaN,NaN,NaN,0.000305502,5.21E-05
NaN,NaN,NaN,NaN,NaN,NaN,NaN,NaN,NaN,9.15E-05,6.65E-05,5.54E-05,3.24E-05,2.61E-06,6.21E-06,4.37E-05,8.27E-05,8.55E-05,3.58E-05,-2.88E-05,-5.79E-05,-4.28E-05,-4.08E-06,3.67E-05,4.60E-05,2.02E-05,-3.62E-05,-9.45E-05,-0.000123987,-0.000138557,-0.000163083,-0.000202455,-0.000245082,-0.000231671,-0.000166492,-7.38E-05,-1.67E-06,5.53E-05,0.00010687,9.21E-05,-4.62E-05,-0.000232537,-0.000301284,-0.00023019,-8.51E-05,8.95E-06,-9.57E-06,-2.53E-05,1.90E-05,5.84E-05,8.82E-05,9.89E-05,0.000108085,NaN,NaN,NaN,NaN,NaN,NaN,NaN,9.58E-05
NaN,NaN,NaN,NaN,NaN,NaN,NaN,NaN,0.000158324,0.000123495,6.71E-05,-2.90E-05,-0.000155784,-0.00024358,-0.000250553,-0.00020218,-0.000124055,-2.65E-05,4.21E-05,4.12E-05,-5.53E-06,-4.24E-05,-4.15E-05,-8.81E-06,5.65E-06,-2.58E-05,-0.000101928,-0.000149081,-0.000124238,-8.69E-05,-9.45E-05,-0.00013903,-0.000178085,-0.000178395,-0.000163565,-0.000121209,-6.62E-05,-2.12E-05,1.90E-05,8.12E-06,-6.65E-05,-0.000183723,-0.000287926,-0.000301654,-0.00018951,-8.14E-05,-8.68E-05,-7.99E-05,-1.80E-05,1.28E-05,3.58E-05,6.90E-05,7.49E-05,NaN,NaN,NaN,NaN,NaN,NaN,NaN,1.59E-05
NaN,NaN,NaN,NaN,NaN,NaN,NaN,NaN,2.78E-05,2.31E-05,1.23E-05,-6.25E-05,-0.000179174,-0.000256051,-0.000261486,-0.000218149,-0.000149801,-5.13E-05,6.22E-05,0.000123425,9.41E-05,3.32E-05,-1.14E-05,-3.79E-05,-6.25E-05,-0.000102152,-0.000149006,-0.000155903,-0.000108581,-4.83E-05,-1.59E-05,-9.28E-06,-1.08E-05,-1.86E-05,-2.65E-05,-5.76E-07,6.19E-05,0.000110571,0.000114868,8.05E-05,5.19E-05,-2.52E-05,-0.000166113,-0.000253796,-0.000203342,-0.000124966,-8.31E-05,-4.86E-05,-5.35E-06,1.04E-05,-1.80E-05,1.22E-05,5.33E-06,NaN,NaN,NaN,NaN,NaN,NaN,NaN,NaN
NaN,NaN,NaN,NaN,NaN,NaN,NaN,NaN,-0.000143225,-0.000116764,-2.82E-05,4.00E-05,6.14E-05,7.59E-05,9.94E-05,0.000141422,0.000198146,0.0002264,0.000225203,0.000206347,0.000141581,6.90E-05,1.43E-05,-3.82E-05,-8.21E-05,-0.00011126,-0.00011264,-9.27E-05,-5.45E-05,-1.03E-05,2.59E-05,9.08E-05,0.000206832,0.00029219,0.000347677,0.000422481,0.00046907,0.00046881,0.000411425,0.000338956,0.000273868,0.000130016,-5.27E-05,-0.000150172,-0.000141613,-0.000110824,-5.43E-05,-1.69E-05,-2.04E-06,-3.93E-06,-8.83E-06,-8.55E-06,3.96E-06,-3.20E-05,NaN,NaN,NaN,NaN,NaN,NaN,NaN
NaN,NaN,NaN,NaN,NaN,NaN,NaN,NaN,NaN,-0.000106699,-1.07E-05,0.000111245,0.000280427,0.00043536,0.000523915,0.000542478,0.000514098,0.000433166,0.000313262,0.000212152,0.000129809,5.64E-05,1.74E-05,-7.98E-06,-2.30E-05,-1.51E-05,2.62E-05,6.24E-05,6.96E-05,5.84E-05,6.98E-05,0.000167978,0.000370853,0.000574793,0.000744921,0.000842277,0.000847682,0.000815572,0.000725503,0.000577966,0.000410938,0.000245538,8.54E-05,-3.33E-05,-8.43E-05,-7.14E-05,-6.41E-06,-3.29E-07,-4.46E-05,-5.11E-05,-1.21E-05,-2.25E-05,3.75E-05,4.46E-05,2.88E-05,NaN,NaN,NaN,NaN,NaN,NaN
NaN,NaN,NaN,NaN,NaN,NaN,NaN,NaN,NaN,2.14E-05,2.66E-05,0.000112514,0.000314282,0.00047666,0.000562208,0.00054783,0.00045416,0.000335282,0.00021195,0.000128095,9.62E-05,5.94E-05,3.15E-05,2.49E-05,3.06E-05,5.50E-05,0.000105872,0.000149137,0.000139598,0.000110635,0.000140585,0.000250745,0.000420264,0.000637282,0.000860019,0.000930492,0.00087941,0.000807384,0.000709005,0.000538991,0.000334914,0.000205241,0.000114327,-2.35E-05,-0.000145236,-0.000152122,-7.16E-05,-2.40E-05,-5.75E-05,-5.99E-05,-2.29E-05,-5.49E-06,2.04E-05,8.65E-05,0.000146931,NaN,NaN,NaN,NaN,NaN,6.44E-05
NaN,NaN,NaN,NaN,NaN,NaN,NaN,NaN,NaN,6.21E-05,6.08E-05,0.000142816,0.000254022,0.000296019,0.000287129,0.000249243,0.000194466,0.000129504,5.70E-05,1.44E-05,4.79E-05,8.58E-05,8.15E-05,7.24E-05,7.07E-05,6.98E-05,8.00E-05,9.41E-05,9.15E-05,0.000115496,0.000191353,0.000268849,0.000364043,0.000513829,0.000645266,0.000664902,0.000588959,0.00048763,0.000370062,0.000226127,6.74E-05,-2.99E-05,-8.21E-05,-0.000174006,-0.000270014,-0.000277247,-0.000200299,-0.000100423,-5.52E-05,-3.32E-05,-2.59E-05,-2.07E-05,-6.53E-05,-5.34E-05,-1.82E-05,-3.21E-05,NaN,NaN,NaN,NaN,6.62E-05
NaN,NaN,NaN,NaN,NaN,NaN,NaN,NaN,NaN,3.03E-05,7.21E-05,0.000115336,9.95E-05,8.52E-05,3.51E-05,-2.08E-05,-2.73E-05,-2.87E-05,-5.05E-05,-5.46E-05,8.27E-06,8.76E-05,0.000122753,0.000125361,0.000110757,8.59E-05,7.03E-05,6.02E-05,5.18E-05,8.36E-05,0.00014566,0.000173766,0.000190015,0.000218034,0.000204352,0.000167891,9.16E-05,4.92E-06,-8.48E-05,-0.000209145,-0.000306943,-0.000327618,-0.000333543,-0.000320551,-0.000310995,-0.000285803,-0.000231525,-0.000150422,-5.88E-05,-2.82E-05,-5.19E-05,-7.15E-05,-0.000162055,-0.000234732,-0.000318529,-0.000214231,-0.000151027,NaN,NaN,NaN,0.000428212
NaN,NaN,NaN,NaN,NaN,NaN,NaN,NaN,3.81E-05,5.35E-05,7.29E-05,3.87E-05,-4.58E-05,-5.91E-05,-8.16E-05,-0.000145363,-0.00015449,-0.000109337,-6.85E-05,-3.92E-05,-2.62E-06,5.34E-05,9.89E-05,0.000110215,0.000102978,9.53E-05,9.62E-05,9.87E-05,8.33E-05,6.15E-05,6.30E-05,6.92E-05,6.94E-06,-0.000118317,-0.00023074,-0.000298469,-0.000370665,-0.000455084,-0.000513797,-0.000575357,-0.000556903,-0.000454118,-0.000360622,-0.000253801,-0.000215535,-0.000209674,-0.000159854,-4.80E-05,7.86E-05,7.95E-05,-2.68E-05,-0.00017149,-0.00028225,-0.000350909,-0.000389394,-0.000362884,-0.000295925,-0.000271005,4.30E-05,0.000318678,0.00059946
NaN,NaN,NaN,NaN,NaN,NaN,NaN,NaN,0.000116486,8.80E-05,7.68E-05,2.42E-05,-4.88E-05,-8.45E-05,-0.00010577,-0.000148907,-0.000181226,-0.000157296,-8.29E-05,-2.14E-05,-3.00E-06,2.02E-05,3.78E-05,3.28E-05,3.86E-05,6.46E-05,9.59E-05,0.000111103,9.18E-05,4.87E-05,1.01E-05,-4.28E-05,-0.000192412,-0.000390646,-0.000515376,-0.00057447,-0.000633617,-0.00070197,-0.000730654,-0.000671497,-0.00055428,-0.000391261,-0.00019983,-0.000113708,-0.000117125,-4.66E-05,0.00011788,0.000360145,0.000518847,0.000472202,0.000223646,-2.75E-05,-0.000137314,-0.000144783,-0.000128061,-0.000114941,NaN,0.000224046,0.00061811,0.000887858,0.000680745
NaN,NaN,NaN,NaN,NaN,NaN,NaN,NaN,8.57E-05,7.69E-05,0.00010103,7.98E-05,2.49E-05,-4.64E-05,-9.61E-05,-0.000128618,-0.000176239,-0.000202687,-0.000153984,-7.17E-05,-1.16E-05,1.36E-05,3.52E-06,-2.26E-05,-1.74E-05,2.46E-05,7.53E-05,8.87E-05,6.11E-05,2.22E-05,-2.89E-05,-0.000124539,-0.000284888,-0.000460792,-0.000605897,-0.000681915,-0.00065561,-0.000610496,-0.000539363,-0.000368053,-0.000249783,-0.000181231,-8.07E-05,-8.37E-05,1.32E-05,0.000287258,0.000587148,0.000815815,0.000932898,0.000923006,0.000801772,0.000695993,0.000673245,0.000709431,0.000673929,0.000640366,0.000757008,0.000897758,0.00104645,0.000911897,0.000511198
NaN,NaN,NaN,NaN,NaN,NaN,NaN,NaN,-9.33E-06,7.76E-05,0.000145036,0.000130642,5.32E-05,-6.19E-05,-0.000144175,-0.000183386,-0.000216373,-0.000228182,-0.000181514,-8.80E-05,-7.74E-06,9.61E-06,-1.18E-05,-2.74E-05,-1.44E-05,3.14E-05,7.03E-05,5.62E-05,2.20E-05,8.00E-07,-2.78E-05,-8.43E-05,-0.000167984,-0.000309767,-0.00050245,-0.000618507,-0.00056362,-0.000404191,-0.000234964,-4.19E-05,3.39E-05,-1.76E-05,-5.38E-05,-2.13E-05,0.000245515,0.000616808,0.00085896,0.000879169,0.000833029,0.000869807,0.001034026,0.001197189,0.001317394,0.001358433,0.00130338,0.001240291,0.001198821,0.001086345,0.00084896,0.000451965,0.000148563
NaN,NaN,NaN,NaN,NaN,NaN,NaN,NaN,-2.38E-05,9.90E-05,0.000147448,9.32E-05,-5.90E-06,-0.000143684,-0.000253314,-0.000277252,-0.000255306,-0.000205234,-0.000116148,-2.19E-05,1.88E-05,-1.08E-06,-3.43E-05,-2.97E-05,1.10E-05,6.80E-05,8.92E-05,4.56E-05,1.23E-05,1.50E-05,9.85E-06,-2.50E-05,-7.31E-05,-0.00012374,-0.000240709,-0.000385801,-0.000443193,-0.000338027,-0.000131064,4.50E-05,0.000136769,0.000126666,7.75E-05,0.000203782,0.000506164,0.000763545,0.000807354,0.000628237,0.000440275,0.000384489,0.000541093,0.000724286,0.000856343,0.000926203,0.001014443,0.001051721,0.000954488,0.000772205,0.000463891,0.000109643,-4.48E-05
NaN,NaN,NaN,NaN,NaN,NaN,NaN,NaN,3.66E-05,8.81E-05,6.85E-05,-3.53E-06,-8.52E-05,-0.000192598,-0.000293375,-0.000306326,-0.000244666,-0.000137823,-2.67E-05,3.13E-05,1.55E-05,-2.28E-05,-3.50E-05,-1.74E-05,1.66E-05,5.29E-05,5.43E-05,2.72E-05,1.41E-05,1.98E-05,2.05E-05,-7.52E-06,-6.71E-05,-8.25E-05,-7.85E-05,-0.000149875,-0.000237976,-0.000254265,-0.0001484,3.67E-05,0.000255917,0.000336307,0.000336923,0.000527413,0.000737176,0.000743056,0.000546841,0.000302454,0.000126092,-1.23E-05,-4.08E-05,-3.43E-05,-2.30E-05,NaN,NaN,0.000369716,0.00034271,0.000262728,0.000111937,-5.96E-05,-6.80E-05
NaN,NaN,NaN,NaN,NaN,NaN,NaN,NaN,6.12E-05,2.14E-05,-3.95E-05,-9.29E-05,-0.000125163,-0.000158277,-0.00019625,-0.000196042,-0.000143767,-6.36E-05,-1.54E-05,-2.31E-05,-5.74E-05,-6.73E-05,-4.47E-05,-1.57E-05,-8.14E-06,-2.43E-05,-4.61E-05,-3.74E-05,-1.51E-05,-1.16E-05,-3.01E-06,4.94E-06,-2.90E-05,-8.86E-05,-7.65E-05,-3.86E-05,-7.99E-05,-0.000149862,-0.000131742,3.44E-05,0.000275551,0.000426578,0.000530434,0.000708254,0.000781267,0.000634051,0.000316846,6.65E-05,-7.68E-05,-0.00013366,NaN,NaN,NaN,NaN,NaN,NaN,NaN,NaN,NaN,NaN,NaN
NaN,NaN,NaN,NaN,NaN,NaN,NaN,NaN,1.53E-05,-4.80E-05,-9.43E-05,-0.00012206,-0.000123967,-0.000106896,-8.02E-05,-4.74E-05,-2.24E-05,-2.64E-05,-7.82E-05,-0.000137459,-0.000150059,-0.000129453,-0.000101325,-6.78E-05,-5.14E-05,-7.76E-05,-0.000100081,-7.25E-05,-3.84E-05,-4.82E-05,-6.31E-05,-5.19E-05,-3.89E-05,-6.06E-05,-7.96E-05,-3.37E-05,-1.37E-07,-6.78E-05,-0.000110775,-3.81E-05,0.000111726,0.000307514,0.000558064,0.000698377,0.00060244,0.000392077,0.000154075,-4.78E-05,NaN,NaN,NaN,NaN,NaN,NaN,NaN,NaN,NaN,NaN,NaN,NaN,NaN
NaN,NaN,NaN,NaN,NaN,NaN,NaN,NaN,-5.68E-05,-9.21E-05,-9.17E-05,-7.36E-05,-5.60E-05,-3.27E-05,1.30E-05,4.64E-05,2.51E-05,-5.23E-05,-0.000149335,-0.000210809,-0.000215836,-0.000190245,-0.000157791,-0.000125166,-9.89E-05,-9.55E-05,-0.000103059,-9.12E-05,-7.90E-05,-9.90E-05,-0.000139052,-0.000157177,-0.000138923,-0.000115292,-0.000100828,-6.65E-05,4.79E-06,3.20E-05,-1.53E-05,-4.29E-05,2.77E-05,0.000173069,0.000422997,0.000563219,0.000425057,0.000210182,0.000149176,NaN,NaN,NaN,NaN,0.000104293,0.000179186,0.000129922,NaN,NaN,NaN,NaN,NaN,NaN,NaN
NaN,NaN,NaN,NaN,NaN,NaN,NaN,NaN,-8.23E-05,-0.00010834,-9.79E-05,-5.20E-05,-3.56E-06,4.36E-05,7.68E-05,6.00E-05,-1.22E-05,-0.00010747,-0.0001744,-0.000193918,-0.000188886,-0.00017301,-0.000142653,-0.00011825,-0.000107236,-0.000103494,-0.000110973,-0.000124293,-0.00013851,-0.000152834,-0.000175308,-0.000193836,-0.0001758,-0.000129511,-7.31E-05,-1.89E-05,5.13E-05,0.000139437,0.00018315,9.29E-05,8.77E-05,0.000264573,0.000417301,0.000458324,0.000329011,0.000169783,0.000117396,NaN,NaN,3.91E-05,7.27E-05,0.000139232,0.00013238,7.53E-05,4.07E-05,2.11E-05,0.000101916,NaN,NaN,NaN,NaN
NaN,NaN,NaN,NaN,NaN,NaN,NaN,NaN,-5.77E-05,-7.52E-05,-7.51E-05,-4.21E-05,1.38E-05,6.13E-05,6.86E-05,1.24E-05,-7.81E-05,-0.000139584,-0.00013901,-9.80E-05,-7.09E-05,-7.04E-05,-6.71E-05,-6.55E-05,-8.68E-05,-0.000104715,-0.000110751,-0.000122454,-0.000138325,-0.000144602,-0.000150247,-0.000158026,-0.000147382,-0.000113521,-5.98E-05,-7.21E-06,4.75E-05,0.000121496,0.000196626,0.000357459,0.000174541,0.000381197,0.000519691,0.000427558,0.000254465,4.36E-05,-0.000140233,NaN,-6.32E-05,6.84E-05,0.000107209,NaN,NaN,-8.04E-05,-5.19E-05,-9.67E-05,-0.000139105,-0.000132922,-0.000121266,NaN,NaN
NaN,NaN,NaN,NaN,NaN,NaN,NaN,NaN,-2.34E-06,-4.31E-05,-4.87E-05,-2.70E-05,7.43E-06,2.34E-05,-1.30E-07,-7.03E-05,-0.00014313,-0.000146292,-8.40E-05,-1.03E-05,2.33E-05,9.47E-06,-1.88E-05,-4.30E-05,-7.84E-05,-0.000106324,-0.000103091,-8.34E-05,-6.32E-05,-6.60E-05,NaN,NaN,NaN,NaN,NaN,NaN,NaN,NaN,NaN,NaN,NaN,0.000428597,0.000533547,0.00040782,0.000219371,6.26E-05,-4.54E-05,-6.88E-05,-5.80E-05,-5.02E-05,-7.42E-05,-0.000175484,-0.000267817,-0.000248663,-0.000233114,-0.000253129,-0.000256636,-0.000252801,-0.000215733,-0.000142346,-9.79E-05
NaN,NaN,NaN,NaN,NaN,NaN,NaN,NaN,NaN,-3.84E-05,-6.22E-05,-5.59E-05,-4.34E-05,-4.71E-05,-8.33E-05,-0.000131254,-0.0001539,-0.000126171,-6.91E-05,-1.99E-05,4.21E-06,-3.06E-06,-3.08E-05,-6.14E-05,-8.43E-05,-9.84E-05,-9.17E-05,-6.61E-05,-5.22E-05,NaN,NaN,NaN,NaN,NaN,NaN,NaN,NaN,NaN,NaN,NaN,NaN,0.000572397,0.000511222,0.00031706,0.000115807,6.70E-05,0.000122449,0.000159488,8.24E-05,-4.79E-05,-0.000154748,-0.000213311,-0.000273442,-0.000316449,-0.000340467,-0.000337967,-0.000322652,-0.000306054,-0.000254969,-0.000181263,-0.000129388
NaN,NaN,NaN,NaN,NaN,NaN,NaN,NaN,NaN,-6.31E-05,-0.000105468,-0.000102481,-9.51E-05,-0.000103517,-0.000116182,-0.000112353,-9.10E-05,-7.34E-05,-7.14E-05,-7.70E-05,-6.82E-05,-5.63E-05,-6.24E-05,-7.62E-05,-8.04E-05,-7.92E-05,-7.51E-05,-8.35E-05,-0.000101633,NaN,NaN,NaN,NaN,NaN,NaN,NaN,NaN,NaN,NaN,NaN,NaN,0.000626886,0.00041253,0.000160431,6.09E-06,-1.40E-05,0.000104572,0.000180483,0.000100764,-3.43E-05,-0.000102918,-0.000100454,-0.000139864,-0.000257165,-0.000341475,-0.000352184,-0.000331994,-0.000286303,-0.00024103,-0.000201555,-0.000175253
NaN,NaN,NaN,NaN,NaN,NaN,NaN,NaN,NaN,NaN,NaN,-0.000155096,-0.000135507,-0.000101395,-6.02E-05,-1.84E-05,5.51E-06,-4.31E-06,-4.82E-05,-9.01E-05,-9.98E-05,-8.44E-05,-7.36E-05,-7.19E-05,-6.79E-05,-6.50E-05,-6.68E-05,-9.11E-05,-0.000107857,NaN,NaN,NaN,NaN,NaN,NaN,NaN,NaN,NaN,NaN,0.000515902,0.000612131,0.000411759,0.000150437,-7.07E-05,-0.000165018,-0.000164019,-9.72E-05,-3.78E-05,-3.07E-05,-3.28E-05,-1.17E-05,3.84E-05,6.51E-05,-1.16E-05,-0.000124055,-0.000184646,-0.000192521,-0.000168193,-0.000164247,-0.00019258,-0.000219017
NaN,NaN,NaN,NaN,NaN,NaN,NaN,NaN,NaN,NaN,NaN,-0.000154279,-0.000132194,-8.00E-05,-8.87E-06,4.74E-05,7.18E-05,4.93E-05,3.77E-06,-3.96E-05,-6.63E-05,-6.77E-05,-6.35E-05,-6.49E-05,-5.89E-05,-4.83E-05,-4.36E-05,-6.01E-05,-6.03E-05,NaN,NaN,NaN,NaN,NaN,NaN,NaN,NaN,NaN,0.000189598,0.000313728,0.000297029,0.000134896,-3.91E-05,-0.000174686,-0.00025606,-0.000258107,-0.000224274,-0.00016943,-7.68E-05,2.54E-05,0.000115617,0.000185529,0.000226669,0.000226864,0.00017266,9.69E-05,4.44E-05,1.04E-05,-3.10E-05,-8.78E-05,-0.000150457
NaN,NaN,NaN,NaN,NaN,NaN,NaN,NaN,NaN,NaN,NaN,-0.000108106,-0.000107322,-8.99E-05,-2.98E-05,4.30E-05,8.78E-05,7.29E-05,4.36E-05,1.31E-05,-2.19E-05,-4.72E-05,-6.39E-05,-7.53E-05,-6.62E-05,-4.26E-05,-2.03E-05,-2.46E-05,NaN,NaN,NaN,NaN,NaN,NaN,NaN,NaN,NaN,NaN,0.0001652,0.000138135,1.91E-05,-0.000100768,-0.000169019,-0.000177086,-0.000182131,-0.000171396,-0.000159338,-0.00010997,-1.16E-05,8.28E-05,0.000156893,0.000192712,0.000210373,0.000259047,0.00028719,0.000263569,0.000197689,0.000120101,3.75E-05,-3.61E-05,-0.000112698
NaN,NaN,NaN,NaN,NaN,NaN,NaN,NaN,NaN,NaN,NaN,NaN,NaN,-7.82E-05,-3.36E-05,3.28E-05,7.34E-05,7.06E-05,5.78E-05,3.00E-05,-1.18E-05,-4.58E-05,-6.19E-05,-6.10E-05,-4.06E-05,-1.34E-05,6.06E-06,NaN,NaN,NaN,NaN,NaN,NaN,NaN,NaN,NaN,NaN,NaN,0.000108305,-2.38E-05,-0.000167099,-0.000285589,-0.000302762,-0.000240741,-0.000135955,-5.42E-05,-3.63E-05,-1.37E-05,1.44E-05,3.57E-05,7.45E-05,9.50E-05,0.000122215,0.000198349,0.000269521,0.0002863,0.000237542,0.000145174,5.24E-05,-2.33E-05,-8.87E-05
NaN,NaN,NaN,NaN,NaN,NaN,NaN,NaN,NaN,NaN,NaN,NaN,NaN,-3.43E-05,-7.02E-06,1.94E-05,4.23E-05,5.71E-05,4.92E-05,1.76E-05,-1.41E-05,-3.67E-05,-3.88E-05,-2.22E-05,-3.83E-06,1.78E-05,NaN,NaN,NaN,NaN,NaN,NaN,NaN,NaN,NaN,NaN,NaN,NaN,-3.84E-05,-0.00016405,-0.000303245,-0.000406705,-0.000424859,-0.000370878,-0.000258914,-0.000172449,-0.000124397,-8.66E-05,-0.000100508,-0.000120844,-0.000104902,-4.92E-05,3.37E-05,0.000129665,0.000218865,0.000258184,0.000238465,0.000184233,0.000128139,6.40E-05,1.68E-05
NaN,NaN,NaN,NaN,NaN,NaN,NaN,NaN,NaN,NaN,NaN,NaN,NaN,NaN,NaN,-9.83E-06,6.91E-06,3.11E-05,1.76E-05,-1.76E-05,-2.46E-05,-2.94E-05,-1.88E-05,NaN,NaN,1.92E-05,NaN,NaN,NaN,NaN,NaN,NaN,NaN,NaN,NaN,NaN,NaN,NaN,-0.000181938,-0.000303799,-0.000408998,-0.000489699,-0.000518888,-0.000482372,-0.00044617,-0.000427584,-0.000406328,-0.000385293,-0.000384868,-0.000402389,-0.000401597,-0.000303818,-0.00017001,-4.78E-05,5.88E-05,0.000142977,0.000185771,0.000197277,0.000181695,0.000130589,7.79E-05
NaN,NaN,NaN,NaN,NaN,NaN,NaN,NaN,NaN,NaN,NaN,NaN,NaN,NaN,NaN,NaN,NaN,NaN,NaN,NaN,NaN,NaN,NaN,NaN,NaN,NaN,NaN,NaN,NaN,NaN,NaN,NaN,NaN,NaN,NaN,NaN,NaN,NaN,-0.000284115,-0.000410883,-0.000476965,-0.000503755,-0.000502481,-0.000492706,-0.000502054,-0.000536768,-0.000573283,-0.000597676,-0.00059599,-0.000609784,-0.000595783,-0.000513618,-0.000408565,-0.000299605,-0.000176739,-4.12E-05,5.64E-05,0.000123529,0.000148015,0.000138226,0.000104345
NaN,NaN,NaN,NaN,NaN,NaN,NaN,NaN,NaN,NaN,NaN,NaN,NaN,NaN,NaN,NaN,NaN,NaN,NaN,NaN,NaN,NaN,NaN,NaN,NaN,NaN,NaN,NaN,NaN,NaN,NaN,NaN,NaN,NaN,NaN,NaN,-0.000127938,-0.000189576,-0.000273717,-0.000359361,-0.000395496,-0.000377709,-0.000360127,-0.000371606,-0.000388426,-0.000421125,-0.000460065,-0.000487201,-0.000498132,-0.000502335,-0.000523637,-0.000556387,-0.000558895,-0.000499,-0.000368045,-0.000224809,-0.00010686,-2.97E-05,2.62E-05,6.98E-05,9.44E-05
NaN,NaN,NaN,NaN,NaN,NaN,NaN,NaN,NaN,NaN,NaN,NaN,NaN,NaN,NaN,NaN,NaN,NaN,NaN,NaN,NaN,NaN,NaN,NaN,NaN,NaN,NaN,NaN,NaN,NaN,NaN,NaN,NaN,NaN,NaN,NaN,-8.08E-05,-0.000137461,-0.000153758,-0.000178109,-0.000186113,-0.000160418,-0.000128944,-0.000128565,-0.000163132,-0.000204579,-0.000233929,-0.000263992,-0.000280364,-0.000292108,-0.000366524,-0.000479246,-0.000552264,-0.000554817,-0.000497327,-0.000400848,-0.00027775,-0.000191506,-0.000146997,-0.000106187,-2.88E-05
NaN,NaN,NaN,NaN,NaN,NaN,NaN,NaN,NaN,NaN,NaN,NaN,NaN,NaN,NaN,NaN,NaN,NaN,NaN,NaN,NaN,NaN,NaN,NaN,NaN,NaN,NaN,NaN,NaN,NaN,NaN,NaN,NaN,NaN,NaN,NaN,-5.99E-05,-7.16E-05,3.79E-06,6.92E-05,7.87E-05,6.78E-05,6.34E-05,4.72E-05,2.08E-05,-1.77E-05,-5.57E-05,-8.34E-05,-1.00E-04,-0.000126793,-0.000186225,-0.000286106,-0.000364867,-0.000437746,-0.000495109,-0.000494999,-0.000412277,-0.000319691,-0.00028019,-0.000241026,-0.000157248
NaN,NaN,NaN,NaN,NaN,NaN,NaN,NaN,NaN,NaN,NaN,NaN,NaN,NaN,NaN,NaN,NaN,NaN,NaN,NaN,NaN,NaN,NaN,NaN,NaN,NaN,NaN,NaN,NaN,NaN,NaN,NaN,NaN,NaN,NaN,NaN,-9.38E-05,-4.00E-05,6.58E-05,0.000178601,0.000209684,0.000170718,0.000105652,7.71E-05,6.74E-05,5.82E-05,5.61E-05,4.77E-05,2.91E-05,-6.99E-06,-5.05E-05,-9.35E-05,-0.000145397,-0.000227164,-0.000337004,-0.000419432,-0.000426851,-0.000375944,-0.000317291,-0.000265789,-0.000184823
NaN,NaN,NaN,NaN,NaN,NaN,NaN,NaN,NaN,NaN,NaN,NaN,NaN,NaN,NaN,NaN,NaN,NaN,NaN,NaN,NaN,NaN,NaN,NaN,NaN,NaN,NaN,NaN,NaN,NaN,NaN,NaN,NaN,NaN,NaN,NaN,-0.000145816,-7.62E-05,1.92E-05,8.80E-05,0.000123826,0.000129219,7.30E-05,4.17E-05,3.83E-05,7.27E-05,0.000112691,0.000114166,6.48E-05,3.31E-06,-3.12E-05,-1.15E-05,2.91E-07,-2.37E-05,-0.000109043,-0.000202282,-0.000264021,-0.000268536,-0.000234364,-0.000202527,-0.000178718
4.73E-05,1.51E-05,-1.60E-05,-5.28E-05,-8.96E-05,NaN,NaN,NaN,NaN,NaN,NaN,NaN,NaN,NaN,NaN,NaN,NaN,NaN,NaN,NaN,NaN,NaN,NaN,NaN,NaN,NaN,NaN,NaN,NaN,NaN,NaN,NaN,NaN,NaN,NaN,-0.000199795,-0.000145306,-0.000106194,-5.51E-05,-1.37E-05,2.53E-05,4.82E-05,4.44E-05,-1.40E-05,-3.81E-05,-6.98E-06,3.30E-05,4.72E-05,1.48E-05,-3.35E-05,-3.70E-05,1.20E-07,2.23E-05,1.71E-05,8.39E-06,-2.45E-05,-8.53E-05,-0.000111506,-9.12E-05,-7.84E-05,-0.000104159
1.11E-05,-8.88E-06,-2.08E-05,-4.14E-05,-6.58E-05,-4.58E-05,NaN,NaN,NaN,NaN,NaN,NaN,NaN,NaN,NaN,-0.000101829,-0.00022837,NaN,NaN,NaN,NaN,NaN,NaN,NaN,NaN,NaN,NaN,NaN,NaN,NaN,NaN,NaN,NaN,NaN,NaN,-0.000149395,-0.000138773,-0.000119446,-8.91E-05,-6.53E-05,-4.54E-05,-4.11E-05,NaN,NaN,NaN,NaN,-5.35E-05,-5.01E-05,-5.87E-05,-1.89E-05,-3.18E-06,-1.55E-05,-3.27E-05,-3.34E-05,-1.71E-06,9.19E-06,-4.31E-05,-8.99E-05,-7.16E-05,-3.35E-05,-2.86E-05
-5.93E-05,-6.91E-05,-7.74E-05,-8.99E-05,-8.81E-05,-7.17E-05,-5.85E-05,1.14E-05,8.74E-05,NaN,NaN,NaN,NaN,NaN,5.53E-05,-0.000107811,-0.000216408,-0.000200064,-8.63E-05,NaN,NaN,NaN,NaN,NaN,NaN,NaN,NaN,NaN,NaN,NaN,NaN,NaN,NaN,NaN,NaN,NaN,NaN,NaN,NaN,NaN,NaN,NaN,NaN,NaN,NaN,NaN,NaN,NaN,-0.000145684,-0.000100141,-5.61E-05,-4.86E-05,-6.17E-05,-6.63E-05,-5.89E-05,-6.41E-05,-8.38E-05,-0.00011428,-0.000118402,-7.46E-05,-4.34E-05
-0.000104723,-0.000125484,-0.000142456,-0.000145221,-0.00013548,-0.000107065,-4.75E-05,3.22E-05,0.000140576,0.000195846,0.000170448,0.000184349,0.000194389,0.000137477,1.23E-05,-7.07E-05,-5.46E-05,1.63E-05,7.53E-05,0.000113517,0.000116262,NaN,NaN,NaN,NaN,NaN,NaN,NaN,NaN,NaN,NaN,NaN,NaN,NaN,NaN,NaN,NaN,NaN,NaN,NaN,NaN,NaN,NaN,NaN,NaN,NaN,NaN,NaN,NaN,NaN,NaN,-4.84E-05,-4.14E-05,-6.84E-05,-0.000114619,-0.000153515,-0.000154784,-0.000140602,-0.000141076,-0.00013013,-0.000141111
-0.000100724,-0.000125656,-0.000147944,-0.000152459,-0.00013898,-0.000108678,-6.40E-05,-4.00E-06,4.66E-05,7.75E-05,0.000109097,0.000113405,7.69E-05,-2.17E-05,-9.85E-05,-6.42E-05,6.65E-05,0.000196044,0.000251525,0.000248001,0.00019796,0.000139976,NaN,NaN,NaN,NaN,NaN,NaN,NaN,NaN,NaN,NaN,NaN,NaN,NaN,NaN,NaN,NaN,NaN,NaN,NaN,NaN,NaN,NaN,NaN,NaN,NaN,NaN,NaN,NaN,NaN,-1.80E-05,-2.12E-05,-4.77E-05,-9.53E-05,-0.000136885,-0.000158008,-0.000171165,-0.000201298,-0.000246207,-0.000299706
